district_name,year,visits,district_num,forest_name
Ashton/Island Park Ranger District,2008,39,41552,Caribou-Targhee National Forest
Ashton/Island Park Ranger District,2009,48,41552,Caribou-Targhee National Forest
Ashton/Island Park Ranger District,2010,107,41552,Caribou-Targhee National Forest
Ashton/Island Park Ranger District,2011,149,41552,Caribou-Targhee National Forest
Ashton/Island Park Ranger District,2012,114,41552,Caribou-Targhee National Forest
Ashton/Island Park Ranger District,2013,184,41552,Caribou-Targhee National Forest
Ashton/Island Park Ranger District,2014,144,41552,Caribou-Targhee National Forest
Ashton/Island Park Ranger District,2015,190,41552,Caribou-Targhee National Forest
Ashton/Island Park Ranger District,2016,252,41552,Caribou-Targhee National Forest
Ashton/Island Park Ranger District,2017,322,41552,Caribou-Targhee National Forest
Ashton/Island Park Ranger District,2018,368,41552,Caribou-Targhee National Forest
Ashton/Island Park Ranger District,2019,385,41552,Caribou-Targhee National Forest
Ashton/Island Park Ranger District,2020,439,41552,Caribou-Targhee National Forest
Ashton/Island Park Ranger District,2021,625,41552,Caribou-Targhee National Forest
Austin-Tonopah Ranger District,2008,116,41703,Humboldt-Toiyabe National Forest
Austin-Tonopah Ranger District,2009,31,41703,Humboldt-Toiyabe National Forest
Austin-Tonopah Ranger District,2010,16,41703,Humboldt-Toiyabe National Forest
Austin-Tonopah Ranger District,2011,41,41703,Humboldt-Toiyabe National Forest
Austin-Tonopah Ranger District,2012,84,41703,Humboldt-Toiyabe National Forest
Austin-Tonopah Ranger District,2013,150,41703,Humboldt-Toiyabe National Forest
Austin-Tonopah Ranger District,2014,49,41703,Humboldt-Toiyabe National Forest
Austin-Tonopah Ranger District,2015,30,41703,Humboldt-Toiyabe National Forest
Austin-Tonopah Ranger District,2016,47,41703,Humboldt-Toiyabe National Forest
Austin-Tonopah Ranger District,2017,38,41703,Humboldt-Toiyabe National Forest
Austin-Tonopah Ranger District,2018,264,41703,Humboldt-Toiyabe National Forest
Austin-Tonopah Ranger District,2019,66,41703,Humboldt-Toiyabe National Forest
Austin-Tonopah Ranger District,2020,122,41703,Humboldt-Toiyabe National Forest
Austin-Tonopah Ranger District,2021,69,41703,Humboldt-Toiyabe National Forest
Beaver Ranger District,2008,7,40803,Fishlake National Forest
Beaver Ranger District,2009,4,40803,Fishlake National Forest
Beaver Ranger District,2010,7,40803,Fishlake National Forest
Beaver Ranger District,2011,2,40803,Fishlake National Forest
Beaver Ranger District,2012,2,40803,Fishlake National Forest
Beaver Ranger District,2013,11,40803,Fishlake National Forest
Beaver Ranger District,2014,23,40803,Fishlake National Forest
Beaver Ranger District,2015,31,40803,Fishlake National Forest
Beaver Ranger District,2016,99,40803,Fishlake National Forest
Beaver Ranger District,2017,107,40803,Fishlake National Forest
Beaver Ranger District,2018,70,40803,Fishlake National Forest
Beaver Ranger District,2019,130,40803,Fishlake National Forest
Beaver Ranger District,2020,187,40803,Fishlake National Forest
Beaver Ranger District,2021,166,40803,Fishlake National Forest
Big Piney Ranger District,2008,0,40302,Bridger-Teton National Forest
Big Piney Ranger District,2009,16,40302,Bridger-Teton National Forest
Big Piney Ranger District,2010,3,40302,Bridger-Teton National Forest
Big Piney Ranger District,2011,2,40302,Bridger-Teton National Forest
Big Piney Ranger District,2012,8,40302,Bridger-Teton National Forest
Big Piney Ranger District,2013,12,40302,Bridger-Teton National Forest
Big Piney Ranger District,2014,8,40302,Bridger-Teton National Forest
Big Piney Ranger District,2015,8,40302,Bridger-Teton National Forest
Big Piney Ranger District,2016,14,40302,Bridger-Teton National Forest
Big Piney Ranger District,2017,53,40302,Bridger-Teton National Forest
Big Piney Ranger District,2018,140,40302,Bridger-Teton National Forest
Big Piney Ranger District,2019,227,40302,Bridger-Teton National Forest
Big Piney Ranger District,2020,304,40302,Bridger-Teton National Forest
Big Piney Ranger District,2021,257,40302,Bridger-Teton National Forest
Blackrock Ranger District,2008,7,40306,Bridger-Teton National Forest
Blackrock Ranger District,2009,6,40306,Bridger-Teton National Forest
Blackrock Ranger District,2010,9,40306,Bridger-Teton National Forest
Blackrock Ranger District,2011,14,40306,Bridger-Teton National Forest
Blackrock Ranger District,2012,18,40306,Bridger-Teton National Forest
Blackrock Ranger District,2013,45,40306,Bridger-Teton National Forest
Blackrock Ranger District,2014,45,40306,Bridger-Teton National Forest
Blackrock Ranger District,2015,59,40306,Bridger-Teton National Forest
Blackrock Ranger District,2016,93,40306,Bridger-Teton National Forest
Blackrock Ranger District,2017,61,40306,Bridger-Teton National Forest
Blackrock Ranger District,2018,35,40306,Bridger-Teton National Forest
Blackrock Ranger District,2019,108,40306,Bridger-Teton National Forest
Blackrock Ranger District,2020,314,40306,Bridger-Teton National Forest
Blackrock Ranger District,2021,266,40306,Bridger-Teton National Forest
Bridgeport Ranger District,2008,294,41702,Humboldt-Toiyabe National Forest
Bridgeport Ranger District,2009,266,41702,Humboldt-Toiyabe National Forest
Bridgeport Ranger District,2010,313,41702,Humboldt-Toiyabe National Forest
Bridgeport Ranger District,2011,268,41702,Humboldt-Toiyabe National Forest
Bridgeport Ranger District,2012,319,41702,Humboldt-Toiyabe National Forest
Bridgeport Ranger District,2013,396,41702,Humboldt-Toiyabe National Forest
Bridgeport Ranger District,2014,213,41702,Humboldt-Toiyabe National Forest
Bridgeport Ranger District,2015,310,41702,Humboldt-Toiyabe National Forest
Bridgeport Ranger District,2016,258,41702,Humboldt-Toiyabe National Forest
Bridgeport Ranger District,2017,406,41702,Humboldt-Toiyabe National Forest
Bridgeport Ranger District,2018,479,41702,Humboldt-Toiyabe National Forest
Bridgeport Ranger District,2019,413,41702,Humboldt-Toiyabe National Forest
Bridgeport Ranger District,2020,457,41702,Humboldt-Toiyabe National Forest
Bridgeport Ranger District,2021,359,41702,Humboldt-Toiyabe National Forest
Carson Ranger District,2008,489,41701,Humboldt-Toiyabe National Forest
Carson Ranger District,2009,457,41701,Humboldt-Toiyabe National Forest
Carson Ranger District,2010,721,41701,Humboldt-Toiyabe National Forest
Carson Ranger District,2011,990,41701,Humboldt-Toiyabe National Forest
Carson Ranger District,2012,1134,41701,Humboldt-Toiyabe National Forest
Carson Ranger District,2013,1424,41701,Humboldt-Toiyabe National Forest
Carson Ranger District,2014,1992,41701,Humboldt-Toiyabe National Forest
Carson Ranger District,2015,2543,41701,Humboldt-Toiyabe National Forest
Carson Ranger District,2016,3180,41701,Humboldt-Toiyabe National Forest
Carson Ranger District,2017,3894,41701,Humboldt-Toiyabe National Forest
Carson Ranger District,2018,4709,41701,Humboldt-Toiyabe National Forest
Carson Ranger District,2019,4573,41701,Humboldt-Toiyabe National Forest
Carson Ranger District,2020,5345,41701,Humboldt-Toiyabe National Forest
Carson Ranger District,2021,4614,41701,Humboldt-Toiyabe National Forest
Cascade Ranger District,2008,1,40204,Boise National Forest
Cascade Ranger District,2009,11,40204,Boise National Forest
Cascade Ranger District,2010,6,40204,Boise National Forest
Cascade Ranger District,2011,15,40204,Boise National Forest
Cascade Ranger District,2012,16,40204,Boise National Forest
Cascade Ranger District,2013,23,40204,Boise National Forest
Cascade Ranger District,2014,101,40204,Boise National Forest
Cascade Ranger District,2015,69,40204,Boise National Forest
Cascade Ranger District,2016,37,40204,Boise National Forest
Cascade Ranger District,2017,87,40204,Boise National Forest
Cascade Ranger District,2018,57,40204,Boise National Forest
Cascade Ranger District,2019,46,40204,Boise National Forest
Cascade Ranger District,2020,183,40204,Boise National Forest
Cascade Ranger District,2021,176,40204,Boise National Forest
Cedar City Ranger District,2008,26,40702,Dixie National Forest
Cedar City Ranger District,2009,21,40702,Dixie National Forest
Cedar City Ranger District,2010,27,40702,Dixie National Forest
Cedar City Ranger District,2011,30,40702,Dixie National Forest
Cedar City Ranger District,2012,42,40702,Dixie National Forest
Cedar City Ranger District,2013,36,40702,Dixie National Forest
Cedar City Ranger District,2014,105,40702,Dixie National Forest
Cedar City Ranger District,2015,145,40702,Dixie National Forest
Cedar City Ranger District,2016,126,40702,Dixie National Forest
Cedar City Ranger District,2017,173,40702,Dixie National Forest
Cedar City Ranger District,2018,238,40702,Dixie National Forest
Cedar City Ranger District,2019,306,40702,Dixie National Forest
Cedar City Ranger District,2020,359,40702,Dixie National Forest
Cedar City Ranger District,2021,351,40702,Dixie National Forest
Challis-Yankee Fork Ranger District,2008,0,41302,Salmon-Challis National Forest
Challis-Yankee Fork Ranger District,2009,1,41302,Salmon-Challis National Forest
Challis-Yankee Fork Ranger District,2010,0,41302,Salmon-Challis National Forest
Challis-Yankee Fork Ranger District,2011,3,41302,Salmon-Challis National Forest
Challis-Yankee Fork Ranger District,2012,3,41302,Salmon-Challis National Forest
Challis-Yankee Fork Ranger District,2013,11,41302,Salmon-Challis National Forest
Challis-Yankee Fork Ranger District,2014,28,41302,Salmon-Challis National Forest
Challis-Yankee Fork Ranger District,2015,5,41302,Salmon-Challis National Forest
Challis-Yankee Fork Ranger District,2016,7,41302,Salmon-Challis National Forest
Challis-Yankee Fork Ranger District,2017,98,41302,Salmon-Challis National Forest
Challis-Yankee Fork Ranger District,2018,41,41302,Salmon-Challis National Forest
Challis-Yankee Fork Ranger District,2019,33,41302,Salmon-Challis National Forest
Challis-Yankee Fork Ranger District,2020,21,41302,Salmon-Challis National Forest
Challis-Yankee Fork Ranger District,2021,17,41302,Salmon-Challis National Forest
Council Ranger District,2008,0,41201,Payette National Forest
Council Ranger District,2009,0,41201,Payette National Forest
Council Ranger District,2010,1,41201,Payette National Forest
Council Ranger District,2011,0,41201,Payette National Forest
Council Ranger District,2012,5,41201,Payette National Forest
Council Ranger District,2013,12,41201,Payette National Forest
Council Ranger District,2014,20,41201,Payette National Forest
Council Ranger District,2015,25,41201,Payette National Forest
Council Ranger District,2016,25,41201,Payette National Forest
Council Ranger District,2017,32,41201,Payette National Forest
Council Ranger District,2018,20,41201,Payette National Forest
Council Ranger District,2019,58,41201,Payette National Forest
Council Ranger District,2020,113,41201,Payette National Forest
Council Ranger District,2021,37,41201,Payette National Forest
Dubois Ranger District,2008,0,41551,Caribou-Targhee National Forest
Dubois Ranger District,2009,0,41551,Caribou-Targhee National Forest
Dubois Ranger District,2010,0,41551,Caribou-Targhee National Forest
Dubois Ranger District,2011,35,41551,Caribou-Targhee National Forest
Dubois Ranger District,2012,0,41551,Caribou-Targhee National Forest
Dubois Ranger District,2013,3,41551,Caribou-Targhee National Forest
Dubois Ranger District,2014,6,41551,Caribou-Targhee National Forest
Dubois Ranger District,2015,43,41551,Caribou-Targhee National Forest
Dubois Ranger District,2016,24,41551,Caribou-Targhee National Forest
Dubois Ranger District,2017,37,41551,Caribou-Targhee National Forest
Dubois Ranger District,2018,30,41551,Caribou-Targhee National Forest
Dubois Ranger District,2019,42,41551,Caribou-Targhee National Forest
Dubois Ranger District,2020,20,41551,Caribou-Targhee National Forest
Dubois Ranger District,2021,92,41551,Caribou-Targhee National Forest
Duchesne Ranger District,2008,2,40104,Ashley National Forest
Duchesne Ranger District,2009,9,40104,Ashley National Forest
Duchesne Ranger District,2010,15,40104,Ashley National Forest
Duchesne Ranger District,2011,8,40104,Ashley National Forest
Duchesne Ranger District,2012,18,40104,Ashley National Forest
Duchesne Ranger District,2013,14,40104,Ashley National Forest
Duchesne Ranger District,2014,17,40104,Ashley National Forest
Duchesne Ranger District,2015,11,40104,Ashley National Forest
Duchesne Ranger District,2016,13,40104,Ashley National Forest
Duchesne Ranger District,2017,12,40104,Ashley National Forest
Duchesne Ranger District,2018,20,40104,Ashley National Forest
Duchesne Ranger District,2019,6,40104,Ashley National Forest
Duchesne Ranger District,2020,32,40104,Ashley National Forest
Duchesne Ranger District,2021,23,40104,Ashley National Forest
Ely Ranger District,2008,2,41709,Humboldt-Toiyabe National Forest
Ely Ranger District,2009,23,41709,Humboldt-Toiyabe National Forest
Ely Ranger District,2010,20,41709,Humboldt-Toiyabe National Forest
Ely Ranger District,2011,40,41709,Humboldt-Toiyabe National Forest
Ely Ranger District,2012,36,41709,Humboldt-Toiyabe National Forest
Ely Ranger District,2013,52,41709,Humboldt-Toiyabe National Forest
Ely Ranger District,2014,16,41709,Humboldt-Toiyabe National Forest
Ely Ranger District,2015,22,41709,Humboldt-Toiyabe National Forest
Ely Ranger District,2016,8,41709,Humboldt-Toiyabe National Forest
Ely Ranger District,2017,23,41709,Humboldt-Toiyabe National Forest
Ely Ranger District,2018,27,41709,Humboldt-Toiyabe National Forest
Ely Ranger District,2019,41,41709,Humboldt-Toiyabe National Forest
Ely Ranger District,2020,147,41709,Humboldt-Toiyabe National Forest
Ely Ranger District,2021,53,41709,Humboldt-Toiyabe National Forest
Emmett Ranger District,2008,1,40206,Boise National Forest
Emmett Ranger District,2009,4,40206,Boise National Forest
Emmett Ranger District,2010,20,40206,Boise National Forest
Emmett Ranger District,2011,20,40206,Boise National Forest
Emmett Ranger District,2012,17,40206,Boise National Forest
Emmett Ranger District,2013,51,40206,Boise National Forest
Emmett Ranger District,2014,114,40206,Boise National Forest
Emmett Ranger District,2015,78,40206,Boise National Forest
Emmett Ranger District,2016,43,40206,Boise National Forest
Emmett Ranger District,2017,95,40206,Boise National Forest
Emmett Ranger District,2018,95,40206,Boise National Forest
Emmett Ranger District,2019,103,40206,Boise National Forest
Emmett Ranger District,2020,162,40206,Boise National Forest
Emmett Ranger District,2021,185,40206,Boise National Forest
Escalante Ranger District,2008,30,40704,Dixie National Forest
Escalante Ranger District,2009,4,40704,Dixie National Forest
Escalante Ranger District,2010,0,40704,Dixie National Forest
Escalante Ranger District,2011,10,40704,Dixie National Forest
Escalante Ranger District,2012,26,40704,Dixie National Forest
Escalante Ranger District,2013,13,40704,Dixie National Forest
Escalante Ranger District,2014,31,40704,Dixie National Forest
Escalante Ranger District,2015,49,40704,Dixie National Forest
Escalante Ranger District,2016,83,40704,Dixie National Forest
Escalante Ranger District,2017,100,40704,Dixie National Forest
Escalante Ranger District,2018,110,40704,Dixie National Forest
Escalante Ranger District,2019,89,40704,Dixie National Forest
Escalante Ranger District,2020,232,40704,Dixie National Forest
Escalante Ranger District,2021,98,40704,Dixie National Forest
Evanston-Mountain View Ranger District,2008,3,41904,Uinta-Wasatch-Cache National Forest
Evanston-Mountain View Ranger District,2009,6,41904,Uinta-Wasatch-Cache National Forest
Evanston-Mountain View Ranger District,2010,28,41904,Uinta-Wasatch-Cache National Forest
Evanston-Mountain View Ranger District,2011,2,41904,Uinta-Wasatch-Cache National Forest
Evanston-Mountain View Ranger District,2012,37,41904,Uinta-Wasatch-Cache National Forest
Evanston-Mountain View Ranger District,2013,34,41904,Uinta-Wasatch-Cache National Forest
Evanston-Mountain View Ranger District,2014,62,41904,Uinta-Wasatch-Cache National Forest
Evanston-Mountain View Ranger District,2015,52,41904,Uinta-Wasatch-Cache National Forest
Evanston-Mountain View Ranger District,2016,76,41904,Uinta-Wasatch-Cache National Forest
Evanston-Mountain View Ranger District,2017,57,41904,Uinta-Wasatch-Cache National Forest
Evanston-Mountain View Ranger District,2018,59,41904,Uinta-Wasatch-Cache National Forest
Evanston-Mountain View Ranger District,2019,57,41904,Uinta-Wasatch-Cache National Forest
Evanston-Mountain View Ranger District,2020,122,41904,Uinta-Wasatch-Cache National Forest
Evanston-Mountain View Ranger District,2021,129,41904,Uinta-Wasatch-Cache National Forest
Fairfield Ranger District,2008,2,41405,Sawtooth National Forest
Fairfield Ranger District,2009,7,41405,Sawtooth National Forest
Fairfield Ranger District,2010,10,41405,Sawtooth National Forest
Fairfield Ranger District,2011,2,41405,Sawtooth National Forest
Fairfield Ranger District,2012,0,41405,Sawtooth National Forest
Fairfield Ranger District,2013,3,41405,Sawtooth National Forest
Fairfield Ranger District,2014,16,41405,Sawtooth National Forest
Fairfield Ranger District,2015,11,41405,Sawtooth National Forest
Fairfield Ranger District,2016,5,41405,Sawtooth National Forest
Fairfield Ranger District,2017,4,41405,Sawtooth National Forest
Fairfield Ranger District,2018,5,41405,Sawtooth National Forest
Fairfield Ranger District,2019,1,41405,Sawtooth National Forest
Fairfield Ranger District,2020,13,41405,Sawtooth National Forest
Fairfield Ranger District,2021,20,41405,Sawtooth National Forest
Ferron Ranger District,2008,6,41002,Manti-La Sal National Forest
Ferron Ranger District,2009,2,41002,Manti-La Sal National Forest
Ferron Ranger District,2010,2,41002,Manti-La Sal National Forest
Ferron Ranger District,2011,4,41002,Manti-La Sal National Forest
Ferron Ranger District,2012,0,41002,Manti-La Sal National Forest
Ferron Ranger District,2013,7,41002,Manti-La Sal National Forest
Ferron Ranger District,2014,8,41002,Manti-La Sal National Forest
Ferron Ranger District,2015,13,41002,Manti-La Sal National Forest
Ferron Ranger District,2016,14,41002,Manti-La Sal National Forest
Ferron Ranger District,2017,23,41002,Manti-La Sal National Forest
Ferron Ranger District,2018,10,41002,Manti-La Sal National Forest
Ferron Ranger District,2019,6,41002,Manti-La Sal National Forest
Ferron Ranger District,2020,42,41002,Manti-La Sal National Forest
Ferron Ranger District,2021,40,41002,Manti-La Sal National Forest
Fillmore Ranger District,2008,2,40801,Fishlake National Forest
Fillmore Ranger District,2009,2,40801,Fishlake National Forest
Fillmore Ranger District,2010,4,40801,Fishlake National Forest
Fillmore Ranger District,2011,4,40801,Fishlake National Forest
Fillmore Ranger District,2012,11,40801,Fishlake National Forest
Fillmore Ranger District,2013,16,40801,Fishlake National Forest
Fillmore Ranger District,2014,22,40801,Fishlake National Forest
Fillmore Ranger District,2015,35,40801,Fishlake National Forest
Fillmore Ranger District,2016,39,40801,Fishlake National Forest
Fillmore Ranger District,2017,20,40801,Fishlake National Forest
Fillmore Ranger District,2018,37,40801,Fishlake National Forest
Fillmore Ranger District,2019,27,40801,Fishlake National Forest
Fillmore Ranger District,2020,59,40801,Fishlake National Forest
Fillmore Ranger District,2021,30,40801,Fishlake National Forest
Flaming Gorge Ranger District,2008,15,40101,Ashley National Forest
Flaming Gorge Ranger District,2009,22,40101,Ashley National Forest
Flaming Gorge Ranger District,2010,21,40101,Ashley National Forest
Flaming Gorge Ranger District,2011,45,40101,Ashley National Forest
Flaming Gorge Ranger District,2012,44,40101,Ashley National Forest
Flaming Gorge Ranger District,2013,59,40101,Ashley National Forest
Flaming Gorge Ranger District,2014,133,40101,Ashley National Forest
Flaming Gorge Ranger District,2015,95,40101,Ashley National Forest
Flaming Gorge Ranger District,2016,86,40101,Ashley National Forest
Flaming Gorge Ranger District,2017,172,40101,Ashley National Forest
Flaming Gorge Ranger District,2018,177,40101,Ashley National Forest
Flaming Gorge Ranger District,2019,267,40101,Ashley National Forest
Flaming Gorge Ranger District,2020,258,40101,Ashley National Forest
Flaming Gorge Ranger District,2021,239,40101,Ashley National Forest
Fremont River Ranger District,2008,7,40802,Fishlake National Forest
Fremont River Ranger District,2009,15,40802,Fishlake National Forest
Fremont River Ranger District,2010,15,40802,Fishlake National Forest
Fremont River Ranger District,2011,13,40802,Fishlake National Forest
Fremont River Ranger District,2012,28,40802,Fishlake National Forest
Fremont River Ranger District,2013,40,40802,Fishlake National Forest
Fremont River Ranger District,2014,67,40802,Fishlake National Forest
Fremont River Ranger District,2015,59,40802,Fishlake National Forest
Fremont River Ranger District,2016,82,40802,Fishlake National Forest
Fremont River Ranger District,2017,90,40802,Fishlake National Forest
Fremont River Ranger District,2018,100,40802,Fishlake National Forest
Fremont River Ranger District,2019,157,40802,Fishlake National Forest
Fremont River Ranger District,2020,254,40802,Fishlake National Forest
Fremont River Ranger District,2021,170,40802,Fishlake National Forest
Greys River Ranger District,2008,5,40303,Bridger-Teton National Forest
Greys River Ranger District,2009,4,40303,Bridger-Teton National Forest
Greys River Ranger District,2010,1,40303,Bridger-Teton National Forest
Greys River Ranger District,2011,3,40303,Bridger-Teton National Forest
Greys River Ranger District,2012,6,40303,Bridger-Teton National Forest
Greys River Ranger District,2013,20,40303,Bridger-Teton National Forest
Greys River Ranger District,2014,9,40303,Bridger-Teton National Forest
Greys River Ranger District,2015,4,40303,Bridger-Teton National Forest
Greys River Ranger District,2016,18,40303,Bridger-Teton National Forest
Greys River Ranger District,2017,30,40303,Bridger-Teton National Forest
Greys River Ranger District,2018,6,40303,Bridger-Teton National Forest
Greys River Ranger District,2019,48,40303,Bridger-Teton National Forest
Greys River Ranger District,2020,143,40303,Bridger-Teton National Forest
Greys River Ranger District,2021,64,40303,Bridger-Teton National Forest
Heber-Kamas Ranger District,2008,83,41903,Uinta-Wasatch-Cache National Forest
Heber-Kamas Ranger District,2009,39,41903,Uinta-Wasatch-Cache National Forest
Heber-Kamas Ranger District,2010,88,41903,Uinta-Wasatch-Cache National Forest
Heber-Kamas Ranger District,2011,89,41903,Uinta-Wasatch-Cache National Forest
Heber-Kamas Ranger District,2012,234,41903,Uinta-Wasatch-Cache National Forest
Heber-Kamas Ranger District,2013,215,41903,Uinta-Wasatch-Cache National Forest
Heber-Kamas Ranger District,2014,172,41903,Uinta-Wasatch-Cache National Forest
Heber-Kamas Ranger District,2015,206,41903,Uinta-Wasatch-Cache National Forest
Heber-Kamas Ranger District,2016,352,41903,Uinta-Wasatch-Cache National Forest
Heber-Kamas Ranger District,2017,386,41903,Uinta-Wasatch-Cache National Forest
Heber-Kamas Ranger District,2018,434,41903,Uinta-Wasatch-Cache National Forest
Heber-Kamas Ranger District,2019,321,41903,Uinta-Wasatch-Cache National Forest
Heber-Kamas Ranger District,2020,737,41903,Uinta-Wasatch-Cache National Forest
Heber-Kamas Ranger District,2021,799,41903,Uinta-Wasatch-Cache National Forest
Idaho City Ranger District,2008,2,40203,Boise National Forest
Idaho City Ranger District,2009,12,40203,Boise National Forest
Idaho City Ranger District,2010,10,40203,Boise National Forest
Idaho City Ranger District,2011,15,40203,Boise National Forest
Idaho City Ranger District,2012,29,40203,Boise National Forest
Idaho City Ranger District,2013,103,40203,Boise National Forest
Idaho City Ranger District,2014,105,40203,Boise National Forest
Idaho City Ranger District,2015,81,40203,Boise National Forest
Idaho City Ranger District,2016,59,40203,Boise National Forest
Idaho City Ranger District,2017,81,40203,Boise National Forest
Idaho City Ranger District,2018,150,40203,Boise National Forest
Idaho City Ranger District,2019,173,40203,Boise National Forest
Idaho City Ranger District,2020,255,40203,Boise National Forest
Idaho City Ranger District,2021,254,40203,Boise National Forest
Jackson Ranger District,2008,18,40304,Bridger-Teton National Forest
Jackson Ranger District,2009,21,40304,Bridger-Teton National Forest
Jackson Ranger District,2010,41,40304,Bridger-Teton National Forest
Jackson Ranger District,2011,39,40304,Bridger-Teton National Forest
Jackson Ranger District,2012,45,40304,Bridger-Teton National Forest
Jackson Ranger District,2013,64,40304,Bridger-Teton National Forest
Jackson Ranger District,2014,113,40304,Bridger-Teton National Forest
Jackson Ranger District,2015,167,40304,Bridger-Teton National Forest
Jackson Ranger District,2016,170,40304,Bridger-Teton National Forest
Jackson Ranger District,2017,169,40304,Bridger-Teton National Forest
Jackson Ranger District,2018,240,40304,Bridger-Teton National Forest
Jackson Ranger District,2019,370,40304,Bridger-Teton National Forest
Jackson Ranger District,2020,327,40304,Bridger-Teton National Forest
Jackson Ranger District,2021,412,40304,Bridger-Teton National Forest
Kemmerer Ranger District,2008,3,40301,Bridger-Teton National Forest
Kemmerer Ranger District,2009,2,40301,Bridger-Teton National Forest
Kemmerer Ranger District,2010,0,40301,Bridger-Teton National Forest
Kemmerer Ranger District,2011,1,40301,Bridger-Teton National Forest
Kemmerer Ranger District,2012,3,40301,Bridger-Teton National Forest
Kemmerer Ranger District,2013,4,40301,Bridger-Teton National Forest
Kemmerer Ranger District,2014,0,40301,Bridger-Teton National Forest
Kemmerer Ranger District,2015,3,40301,Bridger-Teton National Forest
Kemmerer Ranger District,2016,1,40301,Bridger-Teton National Forest
Kemmerer Ranger District,2017,3,40301,Bridger-Teton National Forest
Kemmerer Ranger District,2018,1,40301,Bridger-Teton National Forest
Kemmerer Ranger District,2019,5,40301,Bridger-Teton National Forest
Kemmerer Ranger District,2020,38,40301,Bridger-Teton National Forest
Kemmerer Ranger District,2021,12,40301,Bridger-Teton National Forest
Ketchum Ranger District,2008,2,41403,Sawtooth National Forest
Ketchum Ranger District,2009,4,41403,Sawtooth National Forest
Ketchum Ranger District,2010,9,41403,Sawtooth National Forest
Ketchum Ranger District,2011,8,41403,Sawtooth National Forest
Ketchum Ranger District,2012,5,41403,Sawtooth National Forest
Ketchum Ranger District,2013,20,41403,Sawtooth National Forest
Ketchum Ranger District,2014,25,41403,Sawtooth National Forest
Ketchum Ranger District,2015,30,41403,Sawtooth National Forest
Ketchum Ranger District,2016,46,41403,Sawtooth National Forest
Ketchum Ranger District,2017,83,41403,Sawtooth National Forest
Ketchum Ranger District,2018,62,41403,Sawtooth National Forest
Ketchum Ranger District,2019,128,41403,Sawtooth National Forest
Ketchum Ranger District,2020,245,41403,Sawtooth National Forest
Ketchum Ranger District,2021,202,41403,Sawtooth National Forest
Krassel Ranger District,2008,2,41206,Payette National Forest
Krassel Ranger District,2009,12,41206,Payette National Forest
Krassel Ranger District,2010,30,41206,Payette National Forest
Krassel Ranger District,2011,3,41206,Payette National Forest
Krassel Ranger District,2012,2,41206,Payette National Forest
Krassel Ranger District,2013,7,41206,Payette National Forest
Krassel Ranger District,2014,23,41206,Payette National Forest
Krassel Ranger District,2015,43,41206,Payette National Forest
Krassel Ranger District,2016,10,41206,Payette National Forest
Krassel Ranger District,2017,20,41206,Payette National Forest
Krassel Ranger District,2018,55,41206,Payette National Forest
Krassel Ranger District,2019,22,41206,Payette National Forest
Krassel Ranger District,2020,14,41206,Payette National Forest
Krassel Ranger District,2021,37,41206,Payette National Forest
Leadore Ranger District,2008,2,41308,Salmon-Challis National Forest
Leadore Ranger District,2009,0,41308,Salmon-Challis National Forest
Leadore Ranger District,2010,1,41308,Salmon-Challis National Forest
Leadore Ranger District,2011,0,41308,Salmon-Challis National Forest
Leadore Ranger District,2012,0,41308,Salmon-Challis National Forest
Leadore Ranger District,2013,5,41308,Salmon-Challis National Forest
Leadore Ranger District,2014,4,41308,Salmon-Challis National Forest
Leadore Ranger District,2015,3,41308,Salmon-Challis National Forest
Leadore Ranger District,2016,15,41308,Salmon-Challis National Forest
Leadore Ranger District,2017,11,41308,Salmon-Challis National Forest
Leadore Ranger District,2018,10,41308,Salmon-Challis National Forest
Leadore Ranger District,2019,29,41308,Salmon-Challis National Forest
Leadore Ranger District,2020,19,41308,Salmon-Challis National Forest
Leadore Ranger District,2021,19,41308,Salmon-Challis National Forest
Logan Ranger District,2008,155,41907,Uinta-Wasatch-Cache National Forest
Logan Ranger District,2009,78,41907,Uinta-Wasatch-Cache National Forest
Logan Ranger District,2010,164,41907,Uinta-Wasatch-Cache National Forest
Logan Ranger District,2011,351,41907,Uinta-Wasatch-Cache National Forest
Logan Ranger District,2012,619,41907,Uinta-Wasatch-Cache National Forest
Logan Ranger District,2013,492,41907,Uinta-Wasatch-Cache National Forest
Logan Ranger District,2014,296,41907,Uinta-Wasatch-Cache National Forest
Logan Ranger District,2015,426,41907,Uinta-Wasatch-Cache National Forest
Logan Ranger District,2016,357,41907,Uinta-Wasatch-Cache National Forest
Logan Ranger District,2017,382,41907,Uinta-Wasatch-Cache National Forest
Logan Ranger District,2018,489,41907,Uinta-Wasatch-Cache National Forest
Logan Ranger District,2019,504,41907,Uinta-Wasatch-Cache National Forest
Logan Ranger District,2020,542,41907,Uinta-Wasatch-Cache National Forest
Logan Ranger District,2021,474,41907,Uinta-Wasatch-Cache National Forest
Lost River Ranger District,2008,0,41304,Salmon-Challis National Forest
Lost River Ranger District,2009,0,41304,Salmon-Challis National Forest
Lost River Ranger District,2010,1,41304,Salmon-Challis National Forest
Lost River Ranger District,2011,8,41304,Salmon-Challis National Forest
Lost River Ranger District,2012,12,41304,Salmon-Challis National Forest
Lost River Ranger District,2013,20,41304,Salmon-Challis National Forest
Lost River Ranger District,2014,13,41304,Salmon-Challis National Forest
Lost River Ranger District,2015,16,41304,Salmon-Challis National Forest
Lost River Ranger District,2016,19,41304,Salmon-Challis National Forest
Lost River Ranger District,2017,25,41304,Salmon-Challis National Forest
Lost River Ranger District,2018,31,41304,Salmon-Challis National Forest
Lost River Ranger District,2019,17,41304,Salmon-Challis National Forest
Lost River Ranger District,2020,28,41304,Salmon-Challis National Forest
Lost River Ranger District,2021,33,41304,Salmon-Challis National Forest
Lowman Ranger District,2008,7,40205,Boise National Forest
Lowman Ranger District,2009,2,40205,Boise National Forest
Lowman Ranger District,2010,0,40205,Boise National Forest
Lowman Ranger District,2011,2,40205,Boise National Forest
Lowman Ranger District,2012,3,40205,Boise National Forest
Lowman Ranger District,2013,30,40205,Boise National Forest
Lowman Ranger District,2014,19,40205,Boise National Forest
Lowman Ranger District,2015,28,40205,Boise National Forest
Lowman Ranger District,2016,55,40205,Boise National Forest
Lowman Ranger District,2017,83,40205,Boise National Forest
Lowman Ranger District,2018,31,40205,Boise National Forest
Lowman Ranger District,2019,58,40205,Boise National Forest
Lowman Ranger District,2020,104,40205,Boise National Forest
Lowman Ranger District,2021,99,40205,Boise National Forest
McCall Ranger District,2008,9,41204,Payette National Forest
McCall Ranger District,2009,18,41204,Payette National Forest
McCall Ranger District,2010,15,41204,Payette National Forest
McCall Ranger District,2011,23,41204,Payette National Forest
McCall Ranger District,2012,75,41204,Payette National Forest
McCall Ranger District,2013,52,41204,Payette National Forest
McCall Ranger District,2014,54,41204,Payette National Forest
McCall Ranger District,2015,41,41204,Payette National Forest
McCall Ranger District,2016,36,41204,Payette National Forest
McCall Ranger District,2017,44,41204,Payette National Forest
McCall Ranger District,2018,74,41204,Payette National Forest
McCall Ranger District,2019,54,41204,Payette National Forest
McCall Ranger District,2020,96,41204,Payette National Forest
McCall Ranger District,2021,97,41204,Payette National Forest
Middle Fork Ranger District,2008,3,41306,Salmon-Challis National Forest
Middle Fork Ranger District,2009,6,41306,Salmon-Challis National Forest
Middle Fork Ranger District,2010,7,41306,Salmon-Challis National Forest
Middle Fork Ranger District,2011,31,41306,Salmon-Challis National Forest
Middle Fork Ranger District,2012,5,41306,Salmon-Challis National Forest
Middle Fork Ranger District,2013,6,41306,Salmon-Challis National Forest
Middle Fork Ranger District,2014,31,41306,Salmon-Challis National Forest
Middle Fork Ranger District,2015,26,41306,Salmon-Challis National Forest
Middle Fork Ranger District,2016,32,41306,Salmon-Challis National Forest
Middle Fork Ranger District,2017,22,41306,Salmon-Challis National Forest
Middle Fork Ranger District,2018,65,41306,Salmon-Challis National Forest
Middle Fork Ranger District,2019,150,41306,Salmon-Challis National Forest
Middle Fork Ranger District,2020,126,41306,Salmon-Challis National Forest
Middle Fork Ranger District,2021,111,41306,Salmon-Challis National Forest
Minidoka Ranger District,2008,1,41401,Sawtooth National Forest
Minidoka Ranger District,2009,42,41401,Sawtooth National Forest
Minidoka Ranger District,2010,246,41401,Sawtooth National Forest
Minidoka Ranger District,2011,113,41401,Sawtooth National Forest
Minidoka Ranger District,2012,128,41401,Sawtooth National Forest
Minidoka Ranger District,2013,94,41401,Sawtooth National Forest
Minidoka Ranger District,2014,141,41401,Sawtooth National Forest
Minidoka Ranger District,2015,83,41401,Sawtooth National Forest
Minidoka Ranger District,2016,150,41401,Sawtooth National Forest
Minidoka Ranger District,2017,658,41401,Sawtooth National Forest
Minidoka Ranger District,2018,1217,41401,Sawtooth National Forest
Minidoka Ranger District,2019,1187,41401,Sawtooth National Forest
Minidoka Ranger District,2020,698,41401,Sawtooth National Forest
Minidoka Ranger District,2021,1723,41401,Sawtooth National Forest
Moab Ranger District,2008,11,41004,Manti-La Sal National Forest
Moab Ranger District,2009,15,41004,Manti-La Sal National Forest
Moab Ranger District,2010,5,41004,Manti-La Sal National Forest
Moab Ranger District,2011,31,41004,Manti-La Sal National Forest
Moab Ranger District,2012,6,41004,Manti-La Sal National Forest
Moab Ranger District,2013,28,41004,Manti-La Sal National Forest
Moab Ranger District,2014,86,41004,Manti-La Sal National Forest
Moab Ranger District,2015,55,41004,Manti-La Sal National Forest
Moab Ranger District,2016,70,41004,Manti-La Sal National Forest
Moab Ranger District,2017,71,41004,Manti-La Sal National Forest
Moab Ranger District,2018,106,41004,Manti-La Sal National Forest
Moab Ranger District,2019,96,41004,Manti-La Sal National Forest
Moab Ranger District,2020,222,41004,Manti-La Sal National Forest
Moab Ranger District,2021,199,41004,Manti-La Sal National Forest
Monticello Ranger District,2008,5,41005,Manti-La Sal National Forest
Monticello Ranger District,2009,2,41005,Manti-La Sal National Forest
Monticello Ranger District,2010,8,41005,Manti-La Sal National Forest
Monticello Ranger District,2011,6,41005,Manti-La Sal National Forest
Monticello Ranger District,2012,30,41005,Manti-La Sal National Forest
Monticello Ranger District,2013,78,41005,Manti-La Sal National Forest
Monticello Ranger District,2014,65,41005,Manti-La Sal National Forest
Monticello Ranger District,2015,75,41005,Manti-La Sal National Forest
Monticello Ranger District,2016,53,41005,Manti-La Sal National Forest
Monticello Ranger District,2017,39,41005,Manti-La Sal National Forest
Monticello Ranger District,2018,74,41005,Manti-La Sal National Forest
Monticello Ranger District,2019,20,41005,Manti-La Sal National Forest
Monticello Ranger District,2020,46,41005,Manti-La Sal National Forest
Monticello Ranger District,2021,80,41005,Manti-La Sal National Forest
Montpelier Ranger District,2008,2,41553,Caribou-Targhee National Forest
Montpelier Ranger District,2009,0,41553,Caribou-Targhee National Forest
Montpelier Ranger District,2010,0,41553,Caribou-Targhee National Forest
Montpelier Ranger District,2011,2,41553,Caribou-Targhee National Forest
Montpelier Ranger District,2012,5,41553,Caribou-Targhee National Forest
Montpelier Ranger District,2013,11,41553,Caribou-Targhee National Forest
Montpelier Ranger District,2014,1,41553,Caribou-Targhee National Forest
Montpelier Ranger District,2015,17,41553,Caribou-Targhee National Forest
Montpelier Ranger District,2016,24,41553,Caribou-Targhee National Forest
Montpelier Ranger District,2017,29,41553,Caribou-Targhee National Forest
Montpelier Ranger District,2018,24,41553,Caribou-Targhee National Forest
Montpelier Ranger District,2019,43,41553,Caribou-Targhee National Forest
Montpelier Ranger District,2020,30,41553,Caribou-Targhee National Forest
Montpelier Ranger District,2021,25,41553,Caribou-Targhee National Forest
Mountain City-Ruby Mountains-Jarbidge Ranger District,2008,60,41706,Humboldt-Toiyabe National Forest
Mountain City-Ruby Mountains-Jarbidge Ranger District,2009,67,41706,Humboldt-Toiyabe National Forest
Mountain City-Ruby Mountains-Jarbidge Ranger District,2010,255,41706,Humboldt-Toiyabe National Forest
Mountain City-Ruby Mountains-Jarbidge Ranger District,2011,349,41706,Humboldt-Toiyabe National Forest
Mountain City-Ruby Mountains-Jarbidge Ranger District,2012,140,41706,Humboldt-Toiyabe National Forest
Mountain City-Ruby Mountains-Jarbidge Ranger District,2013,154,41706,Humboldt-Toiyabe National Forest
Mountain City-Ruby Mountains-Jarbidge Ranger District,2014,135,41706,Humboldt-Toiyabe National Forest
Mountain City-Ruby Mountains-Jarbidge Ranger District,2015,282,41706,Humboldt-Toiyabe National Forest
Mountain City-Ruby Mountains-Jarbidge Ranger District,2016,281,41706,Humboldt-Toiyabe National Forest
Mountain City-Ruby Mountains-Jarbidge Ranger District,2017,317,41706,Humboldt-Toiyabe National Forest
Mountain City-Ruby Mountains-Jarbidge Ranger District,2018,444,41706,Humboldt-Toiyabe National Forest
Mountain City-Ruby Mountains-Jarbidge Ranger District,2019,305,41706,Humboldt-Toiyabe National Forest
Mountain City-Ruby Mountains-Jarbidge Ranger District,2020,441,41706,Humboldt-Toiyabe National Forest
Mountain City-Ruby Mountains-Jarbidge Ranger District,2021,572,41706,Humboldt-Toiyabe National Forest
Mountain Home Ranger District,2008,31,40201,Boise National Forest
Mountain Home Ranger District,2009,61,40201,Boise National Forest
Mountain Home Ranger District,2010,100,40201,Boise National Forest
Mountain Home Ranger District,2011,166,40201,Boise National Forest
Mountain Home Ranger District,2012,250,40201,Boise National Forest
Mountain Home Ranger District,2013,355,40201,Boise National Forest
Mountain Home Ranger District,2014,309,40201,Boise National Forest
Mountain Home Ranger District,2015,364,40201,Boise National Forest
Mountain Home Ranger District,2016,357,40201,Boise National Forest
Mountain Home Ranger District,2017,468,40201,Boise National Forest
Mountain Home Ranger District,2018,619,40201,Boise National Forest
Mountain Home Ranger District,2019,845,40201,Boise National Forest
Mountain Home Ranger District,2020,1479,40201,Boise National Forest
Mountain Home Ranger District,2021,1076,40201,Boise National Forest
New Meadows Ranger District,2008,0,41203,Payette National Forest
New Meadows Ranger District,2009,3,41203,Payette National Forest
New Meadows Ranger District,2010,7,41203,Payette National Forest
New Meadows Ranger District,2011,7,41203,Payette National Forest
New Meadows Ranger District,2012,7,41203,Payette National Forest
New Meadows Ranger District,2013,12,41203,Payette National Forest
New Meadows Ranger District,2014,33,41203,Payette National Forest
New Meadows Ranger District,2015,18,41203,Payette National Forest
New Meadows Ranger District,2016,28,41203,Payette National Forest
New Meadows Ranger District,2017,28,41203,Payette National Forest
New Meadows Ranger District,2018,70,41203,Payette National Forest
New Meadows Ranger District,2019,34,41203,Payette National Forest
New Meadows Ranger District,2020,66,41203,Payette National Forest
New Meadows Ranger District,2021,51,41203,Payette National Forest
North Fork Ranger District,2008,2,41307,Salmon-Challis National Forest
North Fork Ranger District,2009,16,41307,Salmon-Challis National Forest
North Fork Ranger District,2010,1,41307,Salmon-Challis National Forest
North Fork Ranger District,2011,4,41307,Salmon-Challis National Forest
North Fork Ranger District,2012,10,41307,Salmon-Challis National Forest
North Fork Ranger District,2013,24,41307,Salmon-Challis National Forest
North Fork Ranger District,2014,41,41307,Salmon-Challis National Forest
North Fork Ranger District,2015,55,41307,Salmon-Challis National Forest
North Fork Ranger District,2016,32,41307,Salmon-Challis National Forest
North Fork Ranger District,2017,58,41307,Salmon-Challis National Forest
North Fork Ranger District,2018,103,41307,Salmon-Challis National Forest
North Fork Ranger District,2019,87,41307,Salmon-Challis National Forest
North Fork Ranger District,2020,136,41307,Salmon-Challis National Forest
North Fork Ranger District,2021,157,41307,Salmon-Challis National Forest
Ogden Ranger District,2008,94,41906,Uinta-Wasatch-Cache National Forest
Ogden Ranger District,2009,64,41906,Uinta-Wasatch-Cache National Forest
Ogden Ranger District,2010,88,41906,Uinta-Wasatch-Cache National Forest
Ogden Ranger District,2011,100,41906,Uinta-Wasatch-Cache National Forest
Ogden Ranger District,2012,366,41906,Uinta-Wasatch-Cache National Forest
Ogden Ranger District,2013,389,41906,Uinta-Wasatch-Cache National Forest
Ogden Ranger District,2014,493,41906,Uinta-Wasatch-Cache National Forest
Ogden Ranger District,2015,387,41906,Uinta-Wasatch-Cache National Forest
Ogden Ranger District,2016,409,41906,Uinta-Wasatch-Cache National Forest
Ogden Ranger District,2017,687,41906,Uinta-Wasatch-Cache National Forest
Ogden Ranger District,2018,602,41906,Uinta-Wasatch-Cache National Forest
Ogden Ranger District,2019,762,41906,Uinta-Wasatch-Cache National Forest
Ogden Ranger District,2020,892,41906,Uinta-Wasatch-Cache National Forest
Ogden Ranger District,2021,798,41906,Uinta-Wasatch-Cache National Forest
Palisades Ranger District,2008,12,41554,Caribou-Targhee National Forest
Palisades Ranger District,2009,2,41554,Caribou-Targhee National Forest
Palisades Ranger District,2010,23,41554,Caribou-Targhee National Forest
Palisades Ranger District,2011,19,41554,Caribou-Targhee National Forest
Palisades Ranger District,2012,43,41554,Caribou-Targhee National Forest
Palisades Ranger District,2013,60,41554,Caribou-Targhee National Forest
Palisades Ranger District,2014,59,41554,Caribou-Targhee National Forest
Palisades Ranger District,2015,61,41554,Caribou-Targhee National Forest
Palisades Ranger District,2016,95,41554,Caribou-Targhee National Forest
Palisades Ranger District,2017,131,41554,Caribou-Targhee National Forest
Palisades Ranger District,2018,153,41554,Caribou-Targhee National Forest
Palisades Ranger District,2019,162,41554,Caribou-Targhee National Forest
Palisades Ranger District,2020,185,41554,Caribou-Targhee National Forest
Palisades Ranger District,2021,264,41554,Caribou-Targhee National Forest
Pine Valley Ranger District,2008,16,40701,Dixie National Forest
Pine Valley Ranger District,2009,27,40701,Dixie National Forest
Pine Valley Ranger District,2010,27,40701,Dixie National Forest
Pine Valley Ranger District,2011,37,40701,Dixie National Forest
Pine Valley Ranger District,2012,81,40701,Dixie National Forest
Pine Valley Ranger District,2013,102,40701,Dixie National Forest
Pine Valley Ranger District,2014,101,40701,Dixie National Forest
Pine Valley Ranger District,2015,100,40701,Dixie National Forest
Pine Valley Ranger District,2016,100,40701,Dixie National Forest
Pine Valley Ranger District,2017,83,40701,Dixie National Forest
Pine Valley Ranger District,2018,183,40701,Dixie National Forest
Pine Valley Ranger District,2019,106,40701,Dixie National Forest
Pine Valley Ranger District,2020,239,40701,Dixie National Forest
Pine Valley Ranger District,2021,208,40701,Dixie National Forest
Pinedale Ranger District,2008,13,40307,Bridger-Teton National Forest
Pinedale Ranger District,2009,3,40307,Bridger-Teton National Forest
Pinedale Ranger District,2010,2,40307,Bridger-Teton National Forest
Pinedale Ranger District,2011,5,40307,Bridger-Teton National Forest
Pinedale Ranger District,2012,19,40307,Bridger-Teton National Forest
Pinedale Ranger District,2013,76,40307,Bridger-Teton National Forest
Pinedale Ranger District,2014,35,40307,Bridger-Teton National Forest
Pinedale Ranger District,2015,88,40307,Bridger-Teton National Forest
Pinedale Ranger District,2016,57,40307,Bridger-Teton National Forest
Pinedale Ranger District,2017,112,40307,Bridger-Teton National Forest
Pinedale Ranger District,2018,100,40307,Bridger-Teton National Forest
Pinedale Ranger District,2019,166,40307,Bridger-Teton National Forest
Pinedale Ranger District,2020,276,40307,Bridger-Teton National Forest
Pinedale Ranger District,2021,274,40307,Bridger-Teton National Forest
Pleasant Grove Ranger District,2008,88,41902,Uinta-Wasatch-Cache National Forest
Pleasant Grove Ranger District,2009,133,41902,Uinta-Wasatch-Cache National Forest
Pleasant Grove Ranger District,2010,180,41902,Uinta-Wasatch-Cache National Forest
Pleasant Grove Ranger District,2011,293,41902,Uinta-Wasatch-Cache National Forest
Pleasant Grove Ranger District,2012,519,41902,Uinta-Wasatch-Cache National Forest
Pleasant Grove Ranger District,2013,513,41902,Uinta-Wasatch-Cache National Forest
Pleasant Grove Ranger District,2014,285,41902,Uinta-Wasatch-Cache National Forest
Pleasant Grove Ranger District,2015,348,41902,Uinta-Wasatch-Cache National Forest
Pleasant Grove Ranger District,2016,394,41902,Uinta-Wasatch-Cache National Forest
Pleasant Grove Ranger District,2017,423,41902,Uinta-Wasatch-Cache National Forest
Pleasant Grove Ranger District,2018,538,41902,Uinta-Wasatch-Cache National Forest
Pleasant Grove Ranger District,2019,587,41902,Uinta-Wasatch-Cache National Forest
Pleasant Grove Ranger District,2020,1052,41902,Uinta-Wasatch-Cache National Forest
Pleasant Grove Ranger District,2021,1184,41902,Uinta-Wasatch-Cache National Forest
Powell Ranger District,2008,9,40703,Dixie National Forest
Powell Ranger District,2009,25,40703,Dixie National Forest
Powell Ranger District,2010,11,40703,Dixie National Forest
Powell Ranger District,2011,42,40703,Dixie National Forest
Powell Ranger District,2012,41,40703,Dixie National Forest
Powell Ranger District,2013,58,40703,Dixie National Forest
Powell Ranger District,2014,54,40703,Dixie National Forest
Powell Ranger District,2015,98,40703,Dixie National Forest
Powell Ranger District,2016,132,40703,Dixie National Forest
Powell Ranger District,2017,146,40703,Dixie National Forest
Powell Ranger District,2018,122,40703,Dixie National Forest
Powell Ranger District,2019,165,40703,Dixie National Forest
Powell Ranger District,2020,124,40703,Dixie National Forest
Powell Ranger District,2021,198,40703,Dixie National Forest
Price Ranger District,2008,0,41003,Manti-La Sal National Forest
Price Ranger District,2009,3,41003,Manti-La Sal National Forest
Price Ranger District,2010,1,41003,Manti-La Sal National Forest
Price Ranger District,2011,1,41003,Manti-La Sal National Forest
Price Ranger District,2012,6,41003,Manti-La Sal National Forest
Price Ranger District,2013,4,41003,Manti-La Sal National Forest
Price Ranger District,2014,18,41003,Manti-La Sal National Forest
Price Ranger District,2015,21,41003,Manti-La Sal National Forest
Price Ranger District,2016,25,41003,Manti-La Sal National Forest
Price Ranger District,2017,32,41003,Manti-La Sal National Forest
Price Ranger District,2018,17,41003,Manti-La Sal National Forest
Price Ranger District,2019,33,41003,Manti-La Sal National Forest
Price Ranger District,2020,58,41003,Manti-La Sal National Forest
Price Ranger District,2021,20,41003,Manti-La Sal National Forest
Richfield Ranger District,2008,4,40804,Fishlake National Forest
Richfield Ranger District,2009,16,40804,Fishlake National Forest
Richfield Ranger District,2010,11,40804,Fishlake National Forest
Richfield Ranger District,2011,13,40804,Fishlake National Forest
Richfield Ranger District,2012,2,40804,Fishlake National Forest
Richfield Ranger District,2013,42,40804,Fishlake National Forest
Richfield Ranger District,2014,34,40804,Fishlake National Forest
Richfield Ranger District,2015,40,40804,Fishlake National Forest
Richfield Ranger District,2016,14,40804,Fishlake National Forest
Richfield Ranger District,2017,40,40804,Fishlake National Forest
Richfield Ranger District,2018,46,40804,Fishlake National Forest
Richfield Ranger District,2019,37,40804,Fishlake National Forest
Richfield Ranger District,2020,21,40804,Fishlake National Forest
Richfield Ranger District,2021,44,40804,Fishlake National Forest
Roosevelt Ranger District,2008,3,40103,Ashley National Forest
Roosevelt Ranger District,2009,4,40103,Ashley National Forest
Roosevelt Ranger District,2010,6,40103,Ashley National Forest
Roosevelt Ranger District,2011,6,40103,Ashley National Forest
Roosevelt Ranger District,2012,22,40103,Ashley National Forest
Roosevelt Ranger District,2013,14,40103,Ashley National Forest
Roosevelt Ranger District,2014,9,40103,Ashley National Forest
Roosevelt Ranger District,2015,10,40103,Ashley National Forest
Roosevelt Ranger District,2016,30,40103,Ashley National Forest
Roosevelt Ranger District,2017,8,40103,Ashley National Forest
Roosevelt Ranger District,2018,33,40103,Ashley National Forest
Roosevelt Ranger District,2019,10,40103,Ashley National Forest
Roosevelt Ranger District,2020,17,40103,Ashley National Forest
Roosevelt Ranger District,2021,31,40103,Ashley National Forest
Salmon-Cobalt Ranger District,2008,0,41301,Salmon-Challis National Forest
Salmon-Cobalt Ranger District,2009,2,41301,Salmon-Challis National Forest
Salmon-Cobalt Ranger District,2010,0,41301,Salmon-Challis National Forest
Salmon-Cobalt Ranger District,2011,0,41301,Salmon-Challis National Forest
Salmon-Cobalt Ranger District,2012,1,41301,Salmon-Challis National Forest
Salmon-Cobalt Ranger District,2013,7,41301,Salmon-Challis National Forest
Salmon-Cobalt Ranger District,2014,17,41301,Salmon-Challis National Forest
Salmon-Cobalt Ranger District,2015,29,41301,Salmon-Challis National Forest
Salmon-Cobalt Ranger District,2016,37,41301,Salmon-Challis National Forest
Salmon-Cobalt Ranger District,2017,53,41301,Salmon-Challis National Forest
Salmon-Cobalt Ranger District,2018,40,41301,Salmon-Challis National Forest
Salmon-Cobalt Ranger District,2019,44,41301,Salmon-Challis National Forest
Salmon-Cobalt Ranger District,2020,30,41301,Salmon-Challis National Forest
Salmon-Cobalt Ranger District,2021,41,41301,Salmon-Challis National Forest
Salt Lake Ranger District,2008,259,41901,Uinta-Wasatch-Cache National Forest
Salt Lake Ranger District,2009,210,41901,Uinta-Wasatch-Cache National Forest
Salt Lake Ranger District,2010,198,41901,Uinta-Wasatch-Cache National Forest
Salt Lake Ranger District,2011,320,41901,Uinta-Wasatch-Cache National Forest
Salt Lake Ranger District,2012,762,41901,Uinta-Wasatch-Cache National Forest
Salt Lake Ranger District,2013,1067,41901,Uinta-Wasatch-Cache National Forest
Salt Lake Ranger District,2014,1188,41901,Uinta-Wasatch-Cache National Forest
Salt Lake Ranger District,2015,1383,41901,Uinta-Wasatch-Cache National Forest
Salt Lake Ranger District,2016,1593,41901,Uinta-Wasatch-Cache National Forest
Salt Lake Ranger District,2017,2078,41901,Uinta-Wasatch-Cache National Forest
Salt Lake Ranger District,2018,2023,41901,Uinta-Wasatch-Cache National Forest
Salt Lake Ranger District,2019,2111,41901,Uinta-Wasatch-Cache National Forest
Salt Lake Ranger District,2020,2449,41901,Uinta-Wasatch-Cache National Forest
Salt Lake Ranger District,2021,2874,41901,Uinta-Wasatch-Cache National Forest
Sanpete Ranger District,2008,5,41001,Manti-La Sal National Forest
Sanpete Ranger District,2009,1,41001,Manti-La Sal National Forest
Sanpete Ranger District,2010,6,41001,Manti-La Sal National Forest
Sanpete Ranger District,2011,3,41001,Manti-La Sal National Forest
Sanpete Ranger District,2012,13,41001,Manti-La Sal National Forest
Sanpete Ranger District,2013,5,41001,Manti-La Sal National Forest
Sanpete Ranger District,2014,7,41001,Manti-La Sal National Forest
Sanpete Ranger District,2015,12,41001,Manti-La Sal National Forest
Sanpete Ranger District,2016,39,41001,Manti-La Sal National Forest
Sanpete Ranger District,2017,31,41001,Manti-La Sal National Forest
Sanpete Ranger District,2018,32,41001,Manti-La Sal National Forest
Sanpete Ranger District,2019,58,41001,Manti-La Sal National Forest
Sanpete Ranger District,2020,72,41001,Manti-La Sal National Forest
Sanpete Ranger District,2021,193,41001,Manti-La Sal National Forest
Santa Rosa Ranger District,2008,40,41710,Humboldt-Toiyabe National Forest
Santa Rosa Ranger District,2009,0,41710,Humboldt-Toiyabe National Forest
Santa Rosa Ranger District,2010,58,41710,Humboldt-Toiyabe National Forest
Santa Rosa Ranger District,2011,22,41710,Humboldt-Toiyabe National Forest
Santa Rosa Ranger District,2012,78,41710,Humboldt-Toiyabe National Forest
Santa Rosa Ranger District,2013,36,41710,Humboldt-Toiyabe National Forest
Santa Rosa Ranger District,2014,34,41710,Humboldt-Toiyabe National Forest
Santa Rosa Ranger District,2015,21,41710,Humboldt-Toiyabe National Forest
Santa Rosa Ranger District,2016,24,41710,Humboldt-Toiyabe National Forest
Santa Rosa Ranger District,2017,18,41710,Humboldt-Toiyabe National Forest
Santa Rosa Ranger District,2018,44,41710,Humboldt-Toiyabe National Forest
Santa Rosa Ranger District,2019,63,41710,Humboldt-Toiyabe National Forest
Santa Rosa Ranger District,2020,31,41710,Humboldt-Toiyabe National Forest
Santa Rosa Ranger District,2021,5,41710,Humboldt-Toiyabe National Forest
Sawtooth National Recreation Area,2008,57,41404,Sawtooth National Forest
Sawtooth National Recreation Area,2009,47,41404,Sawtooth National Forest
Sawtooth National Recreation Area,2010,54,41404,Sawtooth National Forest
Sawtooth National Recreation Area,2011,71,41404,Sawtooth National Forest
Sawtooth National Recreation Area,2012,104,41404,Sawtooth National Forest
Sawtooth National Recreation Area,2013,98,41404,Sawtooth National Forest
Sawtooth National Recreation Area,2014,169,41404,Sawtooth National Forest
Sawtooth National Recreation Area,2015,346,41404,Sawtooth National Forest
Sawtooth National Recreation Area,2016,199,41404,Sawtooth National Forest
Sawtooth National Recreation Area,2017,259,41404,Sawtooth National Forest
Sawtooth National Recreation Area,2018,372,41404,Sawtooth National Forest
Sawtooth National Recreation Area,2019,536,41404,Sawtooth National Forest
Sawtooth National Recreation Area,2020,676,41404,Sawtooth National Forest
Sawtooth National Recreation Area,2021,749,41404,Sawtooth National Forest
Soda Springs Ranger District,2008,1,41555,Caribou-Targhee National Forest
Soda Springs Ranger District,2009,0,41555,Caribou-Targhee National Forest
Soda Springs Ranger District,2010,3,41555,Caribou-Targhee National Forest
Soda Springs Ranger District,2011,7,41555,Caribou-Targhee National Forest
Soda Springs Ranger District,2012,8,41555,Caribou-Targhee National Forest
Soda Springs Ranger District,2013,1,41555,Caribou-Targhee National Forest
Soda Springs Ranger District,2014,9,41555,Caribou-Targhee National Forest
Soda Springs Ranger District,2015,4,41555,Caribou-Targhee National Forest
Soda Springs Ranger District,2016,4,41555,Caribou-Targhee National Forest
Soda Springs Ranger District,2017,18,41555,Caribou-Targhee National Forest
Soda Springs Ranger District,2018,7,41555,Caribou-Targhee National Forest
Soda Springs Ranger District,2019,17,41555,Caribou-Targhee National Forest
Soda Springs Ranger District,2020,27,41555,Caribou-Targhee National Forest
Soda Springs Ranger District,2021,13,41555,Caribou-Targhee National Forest
Spanish Fork Ranger District,2008,29,41908,Uinta-Wasatch-Cache National Forest
Spanish Fork Ranger District,2009,60,41908,Uinta-Wasatch-Cache National Forest
Spanish Fork Ranger District,2010,64,41908,Uinta-Wasatch-Cache National Forest
Spanish Fork Ranger District,2011,103,41908,Uinta-Wasatch-Cache National Forest
Spanish Fork Ranger District,2012,139,41908,Uinta-Wasatch-Cache National Forest
Spanish Fork Ranger District,2013,123,41908,Uinta-Wasatch-Cache National Forest
Spanish Fork Ranger District,2014,138,41908,Uinta-Wasatch-Cache National Forest
Spanish Fork Ranger District,2015,146,41908,Uinta-Wasatch-Cache National Forest
Spanish Fork Ranger District,2016,189,41908,Uinta-Wasatch-Cache National Forest
Spanish Fork Ranger District,2017,241,41908,Uinta-Wasatch-Cache National Forest
Spanish Fork Ranger District,2018,286,41908,Uinta-Wasatch-Cache National Forest
Spanish Fork Ranger District,2019,328,41908,Uinta-Wasatch-Cache National Forest
Spanish Fork Ranger District,2020,568,41908,Uinta-Wasatch-Cache National Forest
Spanish Fork Ranger District,2021,347,41908,Uinta-Wasatch-Cache National Forest
Spring Mountains National Recreation Area,2008,271,41705,Humboldt-Toiyabe National Forest
Spring Mountains National Recreation Area,2009,246,41705,Humboldt-Toiyabe National Forest
Spring Mountains National Recreation Area,2010,236,41705,Humboldt-Toiyabe National Forest
Spring Mountains National Recreation Area,2011,280,41705,Humboldt-Toiyabe National Forest
Spring Mountains National Recreation Area,2012,272,41705,Humboldt-Toiyabe National Forest
Spring Mountains National Recreation Area,2013,132,41705,Humboldt-Toiyabe National Forest
Spring Mountains National Recreation Area,2014,193,41705,Humboldt-Toiyabe National Forest
Spring Mountains National Recreation Area,2015,389,41705,Humboldt-Toiyabe National Forest
Spring Mountains National Recreation Area,2016,362,41705,Humboldt-Toiyabe National Forest
Spring Mountains National Recreation Area,2017,302,41705,Humboldt-Toiyabe National Forest
Spring Mountains National Recreation Area,2018,594,41705,Humboldt-Toiyabe National Forest
Spring Mountains National Recreation Area,2019,520,41705,Humboldt-Toiyabe National Forest
Spring Mountains National Recreation Area,2020,508,41705,Humboldt-Toiyabe National Forest
Spring Mountains National Recreation Area,2021,602,41705,Humboldt-Toiyabe National Forest
Teton Basin Ranger District,2008,26,41556,Caribou-Targhee National Forest
Teton Basin Ranger District,2009,23,41556,Caribou-Targhee National Forest
Teton Basin Ranger District,2010,20,41556,Caribou-Targhee National Forest
Teton Basin Ranger District,2011,18,41556,Caribou-Targhee National Forest
Teton Basin Ranger District,2012,28,41556,Caribou-Targhee National Forest
Teton Basin Ranger District,2013,30,41556,Caribou-Targhee National Forest
Teton Basin Ranger District,2014,69,41556,Caribou-Targhee National Forest
Teton Basin Ranger District,2015,129,41556,Caribou-Targhee National Forest
Teton Basin Ranger District,2016,77,41556,Caribou-Targhee National Forest
Teton Basin Ranger District,2017,105,41556,Caribou-Targhee National Forest
Teton Basin Ranger District,2018,132,41556,Caribou-Targhee National Forest
Teton Basin Ranger District,2019,154,41556,Caribou-Targhee National Forest
Teton Basin Ranger District,2020,215,41556,Caribou-Targhee National Forest
Teton Basin Ranger District,2021,169,41556,Caribou-Targhee National Forest
Vernal Ranger District,2008,11,40102,Ashley National Forest
Vernal Ranger District,2009,6,40102,Ashley National Forest
Vernal Ranger District,2010,11,40102,Ashley National Forest
Vernal Ranger District,2011,4,40102,Ashley National Forest
Vernal Ranger District,2012,30,40102,Ashley National Forest
Vernal Ranger District,2013,25,40102,Ashley National Forest
Vernal Ranger District,2014,110,40102,Ashley National Forest
Vernal Ranger District,2015,54,40102,Ashley National Forest
Vernal Ranger District,2016,33,40102,Ashley National Forest
Vernal Ranger District,2017,102,40102,Ashley National Forest
Vernal Ranger District,2018,69,40102,Ashley National Forest
Vernal Ranger District,2019,53,40102,Ashley National Forest
Vernal Ranger District,2020,101,40102,Ashley National Forest
Vernal Ranger District,2021,146,40102,Ashley National Forest
Weiser Ranger District,2008,2,41202,Payette National Forest
Weiser Ranger District,2009,0,41202,Payette National Forest
Weiser Ranger District,2010,2,41202,Payette National Forest
Weiser Ranger District,2011,2,41202,Payette National Forest
Weiser Ranger District,2012,0,41202,Payette National Forest
Weiser Ranger District,2013,7,41202,Payette National Forest
Weiser Ranger District,2014,11,41202,Payette National Forest
Weiser Ranger District,2015,1,41202,Payette National Forest
Weiser Ranger District,2016,2,41202,Payette National Forest
Weiser Ranger District,2017,6,41202,Payette National Forest
Weiser Ranger District,2018,12,41202,Payette National Forest
Weiser Ranger District,2019,15,41202,Payette National Forest
Weiser Ranger District,2020,12,41202,Payette National Forest
Weiser Ranger District,2021,22,41202,Payette National Forest
Westside Ranger District,2008,13,41557,Caribou-Targhee National Forest
Westside Ranger District,2009,13,41557,Caribou-Targhee National Forest
Westside Ranger District,2010,9,41557,Caribou-Targhee National Forest
Westside Ranger District,2011,48,41557,Caribou-Targhee National Forest
Westside Ranger District,2012,28,41557,Caribou-Targhee National Forest
Westside Ranger District,2013,50,41557,Caribou-Targhee National Forest
Westside Ranger District,2014,64,41557,Caribou-Targhee National Forest
Westside Ranger District,2015,83,41557,Caribou-Targhee National Forest
Westside Ranger District,2016,115,41557,Caribou-Targhee National Forest
Westside Ranger District,2017,175,41557,Caribou-Targhee National Forest
Westside Ranger District,2018,191,41557,Caribou-Targhee National Forest
Westside Ranger District,2019,246,41557,Caribou-Targhee National Forest
Westside Ranger District,2020,220,41557,Caribou-Targhee National Forest
Westside Ranger District,2021,344,41557,Caribou-Targhee National Forest
